"name","desc","lang","sentences__text","sentences__intent","sentences__entities__entity","sentences__entities__start","sentences__entities__stop","sentences__entities__text","sentences__training"
"ChatbotCorpus","Visit https://github.com/sebischair/NLU-Evaluation-Corpora for more information","en","i want to go marienplatz","FindConnection","StationDest","4","4","marienplatz","False"
"","","","when is the next train in muncher freiheit?","DepartureTime","Vehicle","4","4","train","False"
"","","","","","Criterion","3","3","next",""
"","","","","","StationStart","6","7","muncher freiheit",""
"","","","when does the next u-bahn leaves from garching forschungszentrum?","DepartureTime","Vehicle","4","6","u-bahn","False"
"","","","","","Criterion","3","3","next",""
"","","","","","StationStart","9","10","garching forschungszentrum",""
"","","","from olympia einkaufszentrum to hauptbahnhof","FindConnection","StationStart","1","2","olympia einkaufszentrum","False"
"","","","","","StationDest","4","4","hauptbahnhof",""
"","","","when is the next train from winterstraße 12 to kieferngarten","FindConnection","Vehicle","4","4","train","False"
"","","","","","Criterion","3","3","next",""
"","","","","","StationStart","6","7","winterstraße 12",""
"","","","","","StationDest","9","9","kieferngarten",""
"","","","when is the next rocket from winterstraße 12 to kieferngarte","FindConnection","Vehicle","4","4","rocket","False"
"","","","","","Criterion","3","3","next",""
"","","","","","StationStart","6","7","winterstraße 12",""
"","","","","","StationDest","9","9","kieferngarte",""
"","","","can you find a connection from garching to hauptbahnhof?","FindConnection","StationStart","6","6","garching","False"
"","","","","","StationDest","8","8","hauptbahnhof",""
"","","","how to get from untere strassäcker 21 to fröttmaning","FindConnection","StationStart","4","6","untere strassäcker 21","False"
"","","","","","StationDest","8","8","fröttmaning",""
"","","","how i can get from marienplatz to garching","FindConnection","StationStart","5","5","marienplatz","False"
"","","","","","StationDest","7","7","garching",""
"","","","connection from boltzmannstraße to kieferngarten","FindConnection","StationStart","2","2","boltzmannstraße","False"
"","","","","","StationDest","4","4","kieferngarten",""
"","","","how to get from bonner platz to freimann?","FindConnection","StationStart","4","5","bonner platz","False"
"","","","","","StationDest","7","7","freimann",""
"","","","when is the next s-bahn leaving at garching?","DepartureTime","Vehicle","4","6","s-bahn","False"
"","","","","","Criterion","3","3","next",""
"","","","","","StationStart","9","9","garching",""
"","","","how do i get from oez to hbf?","FindConnection","StationStart","5","5","oez","False"
"","","","","","StationDest","7","7","hbf",""
"","","","how to get from winterstrasse 12 to fröttmaning","FindConnection","StationStart","4","5","winterstrasse 12","False"
"","","","","","StationDest","7","7","fröttmaning",""
"","","","how do i get from garching forschungszentrum to pasing","FindConnection","StationStart","5","6","garching forschungszentrum","False"
"","","","","","StationDest","8","8","pasing",""
"","","","theresienstraße to assling","FindConnection","StationStart","0","0","theresienstraße","False"
"","","","","","StationDest","2","2","assling",""
"","","","how can i get from theresienstraße to munich east?","FindConnection","StationStart","5","5","theresienstraße","False"
"","","","","","StationDest","7","8","munich east",""
"","","","when does the next bus starts from garching?","DepartureTime","Vehicle","4","4","bus","False"
"","","","","","Criterion","3","3","next",""
"","","","","","StationStart","7","7","garching",""
"","","","from quiddestraße to garching?","FindConnection","StationStart","1","1","quiddestraße","False"
"","","","","","StationDest","3","3","garching",""
"","","","can you find a connection from kurt-eisner-straße to garching forschungszentrum?","FindConnection","StationStart","6","10","kurt-eisner-straße","False"
"","","","","","StationDest","12","13","garching forschungszentrum",""
"","","","can you find a connection from quiddestraße to garching forschungszentrum?","FindConnection","StationStart","6","6","quiddestraße","False"
"","","","","","StationDest","8","9","garching forschungszentrum",""
"","","","when does the next train leaves at garching?","DepartureTime","Vehicle","4","4","train","False"
"","","","","","Criterion","3","3","next",""
"","","","","","StationStart","7","7","garching",""
"","","","from hauptbahnhof to garching?","FindConnection","StationStart","1","1","hauptbahnhof","False"
"","","","","","StationDest","3","3","garching",""
"","","","how can i get to glockenbachviertel from garching forschungszentrum?","FindConnection","StationStart","7","8","garching forschungszentrum","False"
"","","","","","StationDest","5","5","glockenbachviertel",""
"","","","how i can get from garching to nordfriedhof","FindConnection","StationStart","5","5","garching","False"
"","","","","","StationDest","7","7","nordfriedhof",""
"","","","how can i get to glockenbachviertel from garching forschungszentrum?","FindConnection","StationStart","7","8","garching forschungszentrum","False"
"","","","","","StationDest","5","5","glockenbachviertel",""
"","","","when is the next train leaving in garching forschungszentrum","DepartureTime","Vehicle","4","4","train","False"
"","","","","","Criterion","3","3","next",""
"","","","","","StationStart","7","8","garching forschungszentrum",""
"","","","how can i get from moosach to quiddestraße?","FindConnection","StationStart","5","5","moosach","False"
"","","","","","StationDest","7","7","quiddestraße",""
"","","","how can i get from moosach to poccistraße?","FindConnection","StationStart","5","5","moosach","False"
"","","","","","StationDest","7","7","poccistraße",""
"","","","how can i get from kurt-eisner-straße to garching forschungszentrum?","FindConnection","StationStart","5","9","kurt-eisner-straße","False"
"","","","","","StationDest","11","12","garching forschungszentrum",""
"","","","how can i get from moosach to quiddestraße?","FindConnection","StationStart","5","5","moosach","False"
"","","","","","StationDest","7","7","quiddestraße",""
"","","","how can i get from moosach to odeonsplatz?","FindConnection","StationStart","5","5","moosach","False"
"","","","","","StationDest","7","7","odeonsplatz",""
"","","","when does the next bus starts at garching?","DepartureTime","Vehicle","4","4","bus","False"
"","","","","","Criterion","3","3","next",""
"","","","","","StationStart","7","7","garching",""
"","","","what's the shortest way from quiddestraße to odeonsplatz?","FindConnection","Criterion","4","4","shortest","False"
"","","","","","StationStart","7","7","quiddestraße",""
"","","","","","StationDest","9","9","odeonsplatz",""
"","","","when is the next bus from ostbahnhof","DepartureTime","Vehicle","4","4","bus","False"
"","","","","","Criterion","3","3","next",""
"","","","","","StationStart","6","6","ostbahnhof",""
"","","","how i can get from garching to neuperlach sued","FindConnection","StationStart","5","5","garching","False"
"","","","","","StationDest","7","8","neuperlach sued",""
"","","","when is the next train in munchner freiheit?","DepartureTime","Vehicle","4","4","train","False"
"","","","","","Criterion","3","3","next",""
"","","","","","StationStart","6","7","munchner freiheit",""
"","","","how i can get from marienplatz to garching?","FindConnection","StationStart","5","5","marienplatz","False"
"","","","","","StationDest","7","7","garching",""
"","","","how do i get from poccistraße to laim","FindConnection","StationStart","5","5","poccistraße","False"
"","","","","","StationDest","7","7","laim",""
"","","","i want to go garching from marienplatz","FindConnection","StationStart","6","6","marienplatz","False"
"","","","","","StationDest","4","4","garching",""
"","","","how i can get from marienplatz to garching?","FindConnection","StationStart","5","5","marienplatz","False"
"","","","","","StationDest","7","7","garching",""
"","","","how can i get from hauptbahnhof to odeonsplatz","FindConnection","StationStart","5","5","hauptbahnhof","False"
"","","","","","StationDest","7","7","odeonsplatz",""
"","","","prinzregentenplatz to rotkreuzplatz","FindConnection","StationStart","0","0","prinzregentenplatz","False"
"","","","","","StationDest","2","2","rotkreuzplatz",""
"","","","i want to go to garching from marienplatz","FindConnection","StationStart","7","7","marienplatz","False"
"","","","","","StationDest","5","5","garching",""
"","","","next train from garching","DepartureTime","Criterion","0","0","next","False"
"","","","","","Vehicle","1","1","train",""
"","","","","","StationStart","3","3","garching",""
"","","","from prinzregentenplatz to rotkreuzplatz","FindConnection","StationStart","1","1","prinzregentenplatz","False"
"","","","","","StationDest","3","3","rotkreuzplatz",""
"","","","when is the next subway from garching forschungszentrum","DepartureTime","Vehicle","4","4","subway","False"
"","","","","","Criterion","3","3","next",""
"","","","","","StationStart","6","7","garching forschungszentrum",""
"","","","from garching to klinikum","FindConnection","StationStart","1","1","garching","False"
"","","","","","StationDest","3","3","klinikum",""
"","","","from garching foschungszentrum to odeonsplatz","FindConnection","StationStart","1","2","garching foschungszentrum","False"
"","","","","","StationDest","4","4","odeonsplatz",""
"","","","next bus in garching","DepartureTime","Vehicle","1","1","bus","False"
"","","","","","Criterion","0","0","next",""
"","","","","","StationStart","3","3","garching",""
"","","","when does the train leaving in garching forschungszentrum","DepartureTime","Vehicle","3","3","train","False"
"","","","","","StationStart","6","7","garching forschungszentrum",""
"","","","next subway from garching forschungszentrum","DepartureTime","Criterion","0","0","next","False"
"","","","","","Vehicle","1","1","subway",""
"","","","","","StationStart","3","4","garching forschungszentrum",""
"","","","tell me the next bus from garching","DepartureTime","Vehicle","4","4","bus","False"
"","","","","","Criterion","3","3","next",""
"","","","","","StationStart","6","6","garching",""
"","","","next bus from garching, please.","DepartureTime","Vehicle","1","1","bus","False"
"","","","","","Criterion","0","0","next",""
"","","","","","StationStart","3","3","garching",""
"","","","next bus from garching","DepartureTime","Vehicle","1","1","bus","False"
"","","","","","Criterion","0","0","next",""
"","","","","","StationStart","3","3","garching",""
"","","","next bus from central station","DepartureTime","Vehicle","1","1","bus","False"
"","","","","","Criterion","0","0","next",""
"","","","","","StationStart","3","4","central station",""
"","","","from garching to marienplatz","FindConnection","StationStart","1","1","garching","False"
"","","","","","StationDest","3","3","marienplatz",""
"","","","next bus from garching.","DepartureTime","Vehicle","1","1","bus","False"
"","","","","","Criterion","0","0","next",""
"","","","","","StationStart","3","3","garching",""
"","","","connection from garching to hauptbahnhof?","FindConnection","StationStart","2","2","garching","False"
"","","","","","StationDest","4","4","hauptbahnhof",""
"","","","when does the next bus departs from garching?","DepartureTime","Vehicle","4","4","bus","False"
"","","","","","Criterion","3","3","next",""
"","","","","","StationStart","7","7","garching",""
"","","","find connection from hauptbahnhof to odeonsplatz","FindConnection","StationStart","3","3","hauptbahnhof","False"
"","","","","","StationDest","5","5","odeonsplatz",""
"","","","when does the next u-bahn departs at garching forschungszentrum?","DepartureTime","Vehicle","4","6","u-bahn","False"
"","","","","","Criterion","3","3","next",""
"","","","","","StationStart","9","10","garching forschungszentrum",""
"","","","when does the next u-bahn departs at garching?","DepartureTime","Vehicle","4","6","u-bahn","False"
"","","","","","Criterion","3","3","next",""
"","","","","","StationStart","9","9","garching",""
"","","","when does the next subway departs at garching","DepartureTime","Vehicle","4","4","subway","False"
"","","","","","Criterion","3","3","next",""
"","","","","","StationStart","7","7","garching",""
"","","","when is the next train in garching?","DepartureTime","Vehicle","4","4","train","False"
"","","","","","Criterion","3","3","next",""
"","","","","","StationStart","6","6","garching",""
"","","","how to get from münchner freiheit to garching ?","FindConnection","StationStart","4","5","münchner freiheit","False"
"","","","","","StationDest","7","7","garching",""
"","","","implerstraße to ostbahnhof","FindConnection","StationStart","0","0","implerstraße","False"
"","","","","","StationDest","2","2","ostbahnhof",""
"","","","how can i get from hauptbahnhof to odeonsplatz?","FindConnection","StationStart","5","5","hauptbahnhof","False"
"","","","","","StationDest","7","7","odeonsplatz",""
"","","","how can i go from garching forschungszentrum to prinzregentenplatz","FindConnection","StationStart","5","6","garching forschungszentrum","False"
"","","","","","StationDest","8","8","prinzregentenplatz",""
"","","","how can i get from mangfallplatz to garching","FindConnection","StationStart","5","5","mangfallplatz","False"
"","","","","","StationDest","7","7","garching",""
"","","","how can i get to hohenlindenerstraße","FindConnection","StationDest","5","5","hohenlindenerstraße","False"
"","","","harthaus to hackerbrücke","FindConnection","StationStart","0","0","harthaus","False"
"","","","","","StationDest","2","2","hackerbrücke",""
"","","","how can i get from feldmoching to garching forschungszentrum?","FindConnection","StationStart","5","5","feldmoching","False"
"","","","","","StationDest","7","8","garching forschungszentrum",""
"","","","from marienplatz to petershausen","FindConnection","StationStart","1","1","marienplatz","False"
"","","","","","StationDest","3","3","petershausen",""
"","","","when is the train from garching to marienplatz","FindConnection","Vehicle","3","3","train","False"
"","","","","","StationStart","5","5","garching",""
"","","","","","StationDest","7","7","marienplatz",""
"","","","neufahrn to garching","FindConnection","StationStart","0","0","neufahrn","False"
"","","","","","StationDest","2","2","garching",""
"","","","how can i get from mangfallplatz to garching","FindConnection","StationStart","5","5","mangfallplatz","False"
"","","","","","StationDest","7","7","garching",""
"","","","how can i get to hohenlindenerstr","FindConnection","StationDest","5","5","hohenlindenerstr","False"
"","","","when is the next bus from garching forschungzentrum","DepartureTime","Vehicle","4","4","bus","False"
"","","","","","Criterion","3","3","next",""
"","","","","","StationStart","6","7","garching forschungzentrum",""
"","","","how do i get from spitzingplatz to poccistraße?","FindConnection","StationStart","5","5","spitzingplatz","False"
"","","","","","StationDest","7","7","poccistraße",""
"","","","how can i get from garching forschungszentrum to marienplatz","FindConnection","StationStart","5","6","garching forschungszentrum","False"
"","","","","","StationDest","8","8","marienplatz",""
"","","","how can i get from klinkum to marienplatz?","FindConnection","StationStart","5","5","klinkum","False"
"","","","","","StationDest","7","7","marienplatz",""
"","","","how to get from alte heide to marienplatz","FindConnection","StationStart","4","5","alte heide","False"
"","","","","","StationDest","7","7","marienplatz",""
"","","","next train from muenchen freicheit","DepartureTime","Vehicle","1","1","train","False"
"","","","","","Criterion","0","0","next",""
"","","","","","StationStart","3","4","muenchen freicheit",""
"","","","depart in garching, i assume","DepartureTime","StationStart","2","2","garching","False"
"","","","when does the next u-bahn depart at garching?","DepartureTime","Vehicle","4","6","u-bahn","False"
"","","","","","Criterion","3","3","next",""
"","","","","","StationStart","9","9","garching",""
"","","","the next bus from garching forschungzentrum","DepartureTime","Vehicle","2","2","bus","False"
"","","","","","Criterion","1","1","next",""
"","","","","","StationStart","4","5","garching forschungzentrum",""
"","","","when is the next train in alte heide?","DepartureTime","Vehicle","4","4","train","False"
"","","","","","Criterion","3","3","next",""
"","","","","","StationStart","6","7","alte heide",""
"","","","or depart from garching","DepartureTime","StationStart","3","3","garching","False"
"","","","hello munich city bot! how do i get from münchner freiheit to scheidplatz?","FindConnection","StationStart","10","11","münchner freiheit","False"
"","","","","","StationDest","13","13","scheidplatz",""
"","","","how can i get from garching forschungszentrum to prinzregentenplatz","FindConnection","StationStart","5","6","garching forschungszentrum","False"
"","","","","","StationDest","8","8","prinzregentenplatz",""
"","","","how can i get from neufahrn to garching","FindConnection","StationStart","5","5","neufahrn","False"
"","","","","","StationDest","7","7","garching",""
"","","","take me to the airport","FindConnection","StationDest","4","4","airport","False"
"","","","when does the next u6 leave from garching forschungszentrum","DepartureTime","Line","4","4","u6","False"
"","","","","","Criterion","3","3","next",""
"","","","","","StationStart","7","8","garching forschungszentrum",""
"","","","how i can get from munchner freiheit to nordfriedhof?","FindConnection","StationStart","5","6","munchner freiheit","False"
"","","","","","StationDest","8","8","nordfriedhof",""
"","","","from harthaus to hackerbrücke","FindConnection","StationStart","1","1","harthaus","False"
"","","","","","StationDest","3","3","hackerbrücke",""
"","","","when is the train from garching","DepartureTime","Vehicle","3","3","train","False"
"","","","","","StationStart","5","5","garching",""
"","","","what is the next train from münchner freiheit","DepartureTime","Vehicle","4","4","train","False"
"","","","","","Criterion","3","3","next",""
"","","","","","StationStart","6","7","münchner freiheit",""
"","","","how can i get from theresienstrasse to garching forschungszentrum","FindConnection","StationStart","5","5","theresienstrasse","False"
"","","","","","StationDest","7","8","garching forschungszentrum",""
"","","","how can i get from münchner freiheit to odeonsplatz","FindConnection","StationStart","5","6","münchner freiheit","False"
"","","","","","StationDest","8","8","odeonsplatz",""
"","","","from garching to hauptbahnhof","FindConnection","StationStart","1","1","garching","False"
"","","","","","StationDest","3","3","hauptbahnhof",""
"","","","how can i get from garching to odeonsplatz","FindConnection","StationStart","5","5","garching","False"
"","","","","","StationDest","7","7","odeonsplatz",""
"","","","start: neufahrn end:garching","FindConnection","StationStart","2","2","neufahrn","False"
"","","","","","StationDest","5","5","garching",""
"","","","how can i get from studentenstadt to garching","FindConnection","StationStart","5","5","studentenstadt","False"
"","","","","","StationDest","7","7","garching",""
"","","","when is the next bus from garching","DepartureTime","Vehicle","4","4","bus","False"
"","","","","","Criterion","3","3","next",""
"","","","","","StationStart","6","6","garching",""
"","","","take me from hauptbahnhof to odeonsplatz","FindConnection","StationStart","3","3","hauptbahnhof","False"
"","","","","","StationDest","5","5","odeonsplatz",""
"","","","what's the shortest connection between quiddestraße and odeonsplatz?","FindConnection","Criterion","4","4","shortest","True"
"","","","","","StationStart","7","7","quiddestraße",""
"","","","","","StationDest","9","9","odeonsplatz",""
"","","","what is the cheapest connection between quiddestraße and hauptbahnhof?","FindConnection","Criterion","3","3","cheapest","True"
"","","","","","StationStart","6","6","quiddestraße",""
"","","","","","StationDest","8","8","hauptbahnhof",""
"","","","what's the shortest way between hauptbahnhof and odeonsplatz?","FindConnection","Criterion","4","4","shortest","True"
"","","","","","StationStart","7","7","hauptbahnhof",""
"","","","","","StationDest","9","9","odeonsplatz",""
"","","","how can i get from garching to münchner freiheit as fast as possible?","FindConnection","Criterion","10","10","fast","True"
"","","","","","StationStart","5","5","garching",""
"","","","","","StationDest","7","8","münchner freiheit",""
"","","","what's the cheapest way from neuperlach süd to lehel?","FindConnection","Criterion","4","4","cheapest","True"
"","","","","","StationStart","7","8","neuperlach süd",""
"","","","","","StationDest","10","10","lehel",""
"","","","how can i get from neuperlach zentrum to karlsplatz as fast as possible?","FindConnection","Criterion","10","10","fast","True"
"","","","","","StationStart","5","6","neuperlach zentrum",""
"","","","","","StationDest","8","8","karlsplatz",""
"","","","could you give me the fastest connection between brudermühlstraße and alte heide?","FindConnection","Criterion","5","5","fastest","True"
"","","","","","StationStart","8","8","brudermühlstraße",""
"","","","","","StationDest","10","11","alte heide",""
"","","","is there a train from neuperlach zentrum to garching at 3 pm?","FindConnection","TimeStartTime","10","11","3 pm","True"
"","","","","","StationStart","5","6","neuperlach zentrum",""
"","","","","","StationDest","8","8","garching",""
"","","","can you find a connection from olympiazentrum to lehel at 2 pm?","FindConnection","TimeStartTime","10","11","2 pm","True"
"","","","","","StationStart","6","6","olympiazentrum",""
"","","","","","StationDest","8","8","lehel",""
"","","","i need a connection from harras to karl-preis-platz at 8 am.","FindConnection","TimeStartTime","13","14","8 am","True"
"","","","","","StationStart","5","5","harras",""
"","","","","","StationDest","7","11","karl-preis-platz",""
"","","","in need to be at hauptbahnhof at 1 pm, can you search a connection from garching forschungszentrum?","FindConnection","TimeEndTime","7","8","1 pm","True"
"","","","","","StationStart","16","17","garching forschungszentrum",""
"","","","","","StationDest","5","5","hauptbahnhof",""
"","","","i need to be in garching at 9","FindConnection","TimeEndTime","7","7","9","True"
"","","","","","StationDest","5","5","garching",""
"","","","can i take a bus from quiddestraße to hauptbahnhof?","FindConnection","Vehicle","4","4","bus","True"
"","","","","","StationStart","6","6","quiddestraße",""
"","","","","","StationDest","8","8","hauptbahnhof",""
"","","","can you find the shortest way from moosfeld to milbertshofen?","FindConnection","Criterion","4","4","shortest","True"
"","","","","","StationStart","7","7","moosfeld",""
"","","","","","StationDest","9","9","milbertshofen",""
"","","","how can i get to neuperlach süd from garching forschungszentrum?","FindConnection","StationStart","8","9","garching forschungszentrum","True"
"","","","","","StationDest","5","6","neuperlach süd",""
"","","","can you find a bus from quiddestraße to lehel?","FindConnection","Vehicle","4","4","bus","True"
"","","","","","StationStart","6","6","quiddestraße",""
"","","","","","StationDest","8","8","lehel",""
"","","","is there a tram from karlsplatz to lehel?","FindConnection","Vehicle","3","3","tram","True"
"","","","","","StationStart","5","5","karlsplatz",""
"","","","","","StationDest","7","7","lehel",""
"","","","is there a bus from garching to moosach at around 5?","FindConnection","Vehicle","3","3","bus","True"
"","","","","","TimeStartTime","10","10","5",""
"","","","","","StationStart","5","5","garching",""
"","","","","","StationDest","7","7","moosach",""
"","","","is there a bus from odeonsplatz to hauptbahnhof at 3 pm?","FindConnection","Vehicle","3","3","bus","True"
"","","","","","TimeStartTime","9","10","3 pm",""
"","","","","","StationStart","5","5","odeonsplatz",""
"","","","","","StationDest","7","7","hauptbahnhof",""
"","","","can you tell me the cheapest way from garching forschungszentrum to quiddestraße?","FindConnection","Criterion","5","5","cheapest","True"
"","","","","","StationStart","8","9","garching forschungszentrum",""
"","","","","","StationDest","11","11","quiddestraße",""
"","","","how can i get to quiddestraße?","FindConnection","StationDest","5","5","quiddestraße","True"
"","","","when does the next bus leaves from hauptbahnhof?","DepartureTime","Vehicle","4","4","bus","True"
"","","","","","Criterion","3","3","next",""
"","","","","","StationStart","7","7","hauptbahnhof",""
"","","","how can i get from garching to hauptbahnhof?","FindConnection","StationStart","5","5","garching","True"
"","","","","","StationDest","7","7","hauptbahnhof",""
"","","","how can i get from kurt-eisner-straße to garching?","FindConnection","StationStart","5","9","kurt-eisner-straße","True"
"","","","","","StationDest","11","11","garching",""
"","","","when the next train in garching,forschungszentrum is leaving?","DepartureTime","Vehicle","3","3","train","True"
"","","","","","Criterion","2","2","next",""
"","","","","","StationStart","5","7","garching,forschungszentrum",""
"","","","what is the next connection from garching forschungszentrum to odeonsplatz?","FindConnection","Criterion","3","3","next","True"
"","","","","","StationStart","6","7","garching forschungszentrum",""
"","","","","","StationDest","9","9","odeonsplatz",""
"","","","how can i get from mossach to garching forschungszentrum?","FindConnection","StationStart","5","5","mossach","True"
"","","","","","StationDest","7","8","garching forschungszentrum",""
"","","","how can i get from garching forschungszentrum to odeonsplatz?","FindConnection","StationStart","5","6","garching forschungszentrum","True"
"","","","","","StationDest","8","8","odeonsplatz",""
"","","","how can i get from garching, forschungszentrum to odeonsplatz?","FindConnection","StationStart","5","7","garching, forschungszentrum","True"
"","","","","","StationDest","9","9","odeonsplatz",""
"","","","how can i get from garching forschungszentrum to kurt-eisner-straße?","FindConnection","StationStart","5","6","garching forschungszentrum","True"
"","","","","","StationDest","8","12","kurt-eisner-straße",""
"","","","how can i get to boltzmannstraße from quiddestraße?","FindConnection","StationStart","7","7","quiddestraße","True"
"","","","","","StationDest","5","5","boltzmannstraße",""
"","","","when does the next train departs from quiddestraße?","DepartureTime","Vehicle","4","4","train","True"
"","","","","","Criterion","3","3","next",""
"","","","","","StationStart","7","7","quiddestraße",""
"","","","when the next train in garching forschungszentrum is leaving?","DepartureTime","Vehicle","3","3","train","True"
"","","","","","Criterion","2","2","next",""
"","","","","","StationStart","5","6","garching forschungszentrum",""
"","","","when is the next u6 leaving from garching?","DepartureTime","Line","4","4","u6","True"
"","","","","","StationStart","7","7","garching",""
"","","","when does the next train leave from garching forschungszentrum","DepartureTime","Vehicle","4","4","train","True"
"","","","","","Criterion","3","3","next",""
"","","","","","StationStart","7","8","garching forschungszentrum",""
"","","","when is the next u6?","DepartureTime","Line","4","4","u6","True"
"","","","","","Criterion","3","3","next",""
"","","","when is the next subway leaving from garching?","DepartureTime","Vehicle","4","4","subway","True"
"","","","","","Criterion","3","3","next",""
"","","","","","StationStart","7","7","garching",""
"","","","when the next train in garching is leaving?","DepartureTime","Vehicle","3","3","train","True"
"","","","","","Criterion","2","2","next",""
"","","","","","StationStart","5","5","garching",""
"","","","when is the next train leaving in garching","DepartureTime","Vehicle","4","4","train","True"
"","","","","","Criterion","3","3","next",""
"","","","","","StationStart","7","7","garching",""
"","","","when does the next train leaves from odeonsplatz?","DepartureTime","Vehicle","4","4","train","True"
"","","","","","Criterion","3","3","next",""
"","","","","","StationStart","7","7","odeonsplatz",""
"","","","when does the next train leaves from quiddestraße?","DepartureTime","Vehicle","4","4","train","True"
"","","","","","Criterion","3","3","next",""
"","","","","","StationStart","7","7","quiddestraße",""
"","","","when is the next train","DepartureTime","Vehicle","4","4","train","True"
"","","","","","Criterion","3","3","next",""
"","","","when does the next bus leaves at garching forschungszentrum?","DepartureTime","Vehicle","4","4","bus","True"
"","","","","","Criterion","3","3","next",""
"","","","","","StationStart","7","8","garching forschungszentrum",""
"","","","when does the next train leaves?","DepartureTime","Vehicle","4","4","train","True"
"","","","when does the next bus leave in garching?","DepartureTime","Vehicle","4","4","bus","True"
"","","","","","Criterion","3","3","next",""
"","","","","","StationStart","7","7","garching",""
"","","","when does the next s-bahn leaves from hauptbahnhof?","DepartureTime","Vehicle","4","6","s-bahn","True"
"","","","","","Criterion","3","3","next",""
"","","","","","StationStart","9","9","hauptbahnhof",""
"","","","when does the next subway departes from odeonsplatz?","DepartureTime","Vehicle","4","4","subway","True"
"","","","","","Criterion","3","3","next",""
"","","","","","StationStart","7","7","odeonsplatz",""
"","","","show me the next bus from garching!","DepartureTime","Vehicle","4","4","bus","True"
"","","","","","Criterion","3","3","next",""
"","","","","","StationStart","6","6","garching",""
"","","","when does the next tram starts from hauptbahnhof?","DepartureTime","Vehicle","4","4","tram","True"
"","","","","","Criterion","3","3","next",""
"","","","","","StationStart","7","7","hauptbahnhof",""
"","","","when will the next u-bahn depart from garching forschungszentrum?","DepartureTime","Vehicle","4","6","u-bahn","True"
"","","","","","Criterion","3","3","next",""
"","","","","","StationStart","9","10","garching forschungszentrum",""
"","","","show me the next bus from michaelibad.","DepartureTime","Vehicle","4","4","bus","True"
"","","","","","Criterion","3","3","next",""
"","","","","","StationStart","6","6","michaelibad",""
"","","","when does the next train starts at sendlinger tor?","DepartureTime","Vehicle","4","4","train","True"
"","","","","","Criterion","3","3","next",""
"","","","","","StationStart","7","8","sendlinger tor",""
"","","","hey bot, when does the next bus starts at garching?","DepartureTime","Vehicle","7","7","bus","True"
"","","","","","Criterion","6","6","next",""
"","","","","","StationStart","10","10","garching",""
"","","","when does the next bus leaves at garching?","DepartureTime","Vehicle","4","4","bus","True"
"","","","","","Criterion","3","3","next",""
"","","","","","StationStart","7","7","garching",""
"","","","when is the bus from quiddestraße?","DepartureTime","Vehicle","3","3","bus","True"
"","","","","","StationStart","5","5","quiddestraße",""
"","","","when can i get a bus at mariahilfplatz?","DepartureTime","Vehicle","5","5","bus","True"
"","","","","","StationStart","7","7","mariahilfplatz",""
"","","","when does the next bus leaves at romanplatz?","DepartureTime","Vehicle","4","4","bus","True"
"","","","","","Criterion","3","3","next",""
"","","","","","StationStart","7","7","romanplatz",""
"","","","when does the bus to röblingweg starts?","DepartureTime","Vehicle","3","3","bus","True"
"","","","","","StationStart","5","5","röblingweg",""
"","","","next bus from quiddestraße?","DepartureTime","Vehicle","1","1","bus","True"
"","","","","","Criterion","0","0","next",""
"","","","","","StationStart","3","3","quiddestraße",""
"","","","when is the next bus leaving from garching?","DepartureTime","Vehicle","4","4","bus","True"
"","","","","","Criterion","3","3","next",""
"","","","","","StationStart","7","7","garching",""
"","","","when is the train leaving in garching","DepartureTime","Vehicle","3","3","train","True"
"","","","","","StationStart","6","6","garching",""
"","","","when is the train leaving in garching?","DepartureTime","Vehicle","3","3","train","True"
"","","","","","StationStart","6","6","garching",""
"","","","how can i get from garching to odeonsplatz?","FindConnection","StationStart","5","5","garching","True"
"","","","","","StationDest","7","7","odeonsplatz",""
"","","","when is adrians next subway leaving at garching forschungszentrum?","DepartureTime","Vehicle","4","4","subway","True"
"","","","","","Criterion","3","3","next",""
"","","","","","StationStart","7","8","garching forschungszentrum",""
"","","","how can i get from olympiazentrum to hauptbahnhof?","FindConnection","StationStart","5","5","olympiazentrum","True"
"","","","","","StationDest","7","7","hauptbahnhof",""
"","","","how can i get from quiddestraße to boltzmannstraße?","FindConnection","StationStart","5","5","quiddestraße","True"
"","","","","","StationDest","7","7","boltzmannstraße",""
"","","","how can i get from moosach to garching forschungszentrum?","FindConnection","StationStart","5","5","moosach","True"
"","","","","","StationDest","7","8","garching forschungszentrum",""
"","","","can you give me a connection from garching to odeonsplatz?","FindConnection","StationStart","7","7","garching","True"
"","","","","","StationDest","9","9","odeonsplatz",""
"","","","when is the next train from garching","DepartureTime","Vehicle","4","4","train","True"
"","","","","","Criterion","3","3","next",""
"","","","","","StationStart","6","6","garching",""
"","","","when comes the next train","DepartureTime","Vehicle","4","4","train","True"
"","","","","","Criterion","3","3","next",""
"","","","when is the next train in nordfriedhof","DepartureTime","Vehicle","4","4","train","True"
"","","","","","Criterion","3","3","next",""
"","","","","","StationStart","6","6","nordfriedhof",""
"","","","when does the next train come at garching forschungszentrum","DepartureTime","Vehicle","4","4","train","True"
"","","","","","Criterion","3","3","next",""
"","","","","","StationStart","7","8","garching forschungszentrum",""
"","","","when is the next train from nordfriedhof to garching forschungszentrum","FindConnection","Vehicle","4","4","train","True"
"","","","","","Criterion","3","3","next",""
"","","","","","StationStart","6","6","nordfriedhof",""
"","","","","","StationDest","8","9","garching forschungszentrum",""
"","","","i want to travel from garching to odeonsplatz?","FindConnection","StationStart","5","5","garching","True"
"","","","","","StationDest","7","7","odeonsplatz",""
"","","","how can i get to sendlinger tor?","FindConnection","StationDest","5","6","sendlinger tor","True"
"","","","how do i get to untere straussäcker?","FindConnection","StationDest","5","6","untere straussäcker","True"
"","","","how can i get from garching to garching?","FindConnection","StationStart","5","5","garching","True"
"","","","","","StationDest","7","7","garching",""
"","","","how can i get from garching to sendlinger tor?","FindConnection","StationStart","5","5","garching","True"
"","","","","","StationDest","7","8","sendlinger tor",""
"","","","how can i get from garchingto garching?","FindConnection","StationStart","5","5","garchingto","True"
"","","","","","StationDest","6","6","garching",""
"","","","when is the next train from garching","DepartureTime","Vehicle","4","4","train","True"
"","","","","","Criterion","3","3","next",""
"","","","","","StationStart","6","6","garching",""
"","","","how do i get from marienplatz zu garching","FindConnection","StationStart","5","5","marienplatz","True"
"","","","","","StationDest","7","7","garching",""
"","","","how can i get to milbertshofen from garching?","FindConnection","StationStart","7","7","garching","True"
"","","","","","StationDest","5","5","milbertshofen",""
"","","","when is the next train to garching","FindConnection","Criterion","3","3","next","True"
"","","","","","Vehicle","4","4","train",""
"","","","","","StationDest","6","6","garching",""
"","","","how can i get from garching to milbertshofen?","FindConnection","StationStart","5","5","garching","True"
"","","","","","StationDest","7","7","milbertshofen",""
"","","","when does the next rocket leaves from garching forschungszentrum?","DepartureTime","Criterion","3","3","next","True"
"","","","","","Vehicle","4","4","rocket",""
"","","","","","StationStart","7","8","garching forschungszentrum",""
"","","","connection from untere straßäcker 21 to kieferngarten","FindConnection","StationStart","2","4","untere straßäcker 21","True"
"","","","","","StationDest","6","6","kieferngarten",""
"","","","how to get from untere strassäcker 21 to frötmaning","FindConnection","StationStart","4","6","untere strassäcker 21","True"
"","","","","","StationDest","8","8","frötmaning",""
"","","","how to get from untere strassaecker 21 to frötmaning","FindConnection","StationStart","4","6","untere strassaecker 21","True"
"","","","","","StationDest","8","8","frötmaning",""
"","","","when is the next train from untere straßaecker 21 to kieferngarten","FindConnection","Vehicle","4","4","train","True"
"","","","","","Criterion","3","3","next",""
"","","","","","StationStart","6","8","untere straßaecker 21",""
"","","","","","StationDest","10","10","kieferngarten",""
"","","","when is the next train from untere straßaecker 21, garching to kieferngarten","FindConnection","Vehicle","4","4","train","True"
"","","","","","Criterion","3","3","next",""
"","","","","","StationStart","7","10","straßaecker 21, garching",""
"","","","","","StationDest","12","12","kieferngarten",""
"","","","from garching to perlach","FindConnection","StationStart","1","1","garching","True"
"","","","","","StationDest","3","3","perlach",""
"","","","how to get from garching to perlach?","FindConnection","StationStart","4","4","garching","True"
"","","","","","StationDest","6","6","perlach",""
"","","","how to get from bonnerplatz to freimann","FindConnection","StationStart","4","4","bonnerplatz","True"
"","","","","","StationDest","6","6","freimann",""
"","","","when is the next train in nordfriedhof?","DepartureTime","Vehicle","4","4","train","True"
"","","","","","Criterion","3","3","next",""
"","","","","","StationStart","6","6","nordfriedhof",""
"","","","when is the next train in münchner freiheit?","DepartureTime","Vehicle","4","4","train","True"
"","","","","","Criterion","3","3","next",""
"","","","","","StationStart","6","7","münchner freiheit",""
"","","","connection from hauptbahnhof to odeonsplatz?","FindConnection","StationStart","2","2","hauptbahnhof","True"
"","","","","","StationDest","4","4","odeonsplatz",""
"","","","how do i get from olympia einkaufszentrum to hauptbahnhof?","FindConnection","StationStart","5","6","olympia einkaufszentrum","True"
"","","","","","StationDest","8","8","hauptbahnhof",""
"","","","when is the next bus in garching forschungszentrum","DepartureTime","Vehicle","4","4","bus","True"
"","","","","","Criterion","3","3","next",""
"","","","","","StationStart","6","7","garching forschungszentrum",""
"","","","how can i get from garching to marienplatz","FindConnection","StationStart","5","5","garching","True"
"","","","","","StationDest","7","7","marienplatz",""
"","","","from garching to studentenstadt","FindConnection","StationStart","1","1","garching","True"
"","","","","","StationDest","3","3","studentenstadt",""
